"mod","biome","location","weight","limit","processors"
"archers","desert","archers:village/desert/archery_range_small","5","1","minecraft:empty"
"archers","plains","archers:village/plains/archery_range_small","5","1","minecraft:empty"
"archers","savanna","archers:village/savanna/archery_range_small","5","1","minecraft:empty"
"archers","snowy","archers:village/snowy/archery_range_small","5","1","minecraft:empty"
"archers","taiga","archers:village/taiga/archery_range_small","5","1","minecraft:empty"
"jewelry","desert","jewelry:village/desert/jewelry_shop","5","1","minecraft:empty"
"jewelry","plains","jewelry:village/plains/jewelry_shop","5","1","minecraft:empty"
"jewelry","savanna","jewelry:village/savanna/jewelry_shop","5","1","minecraft:empty"
"jewelry","snowy","jewelry:village/snowy/jewelry_shop","5","1","minecraft:empty"
"jewelry","taiga","jewelry:village/taiga/jewelry_shop","5","1","minecraft:empty"
"paladins","desert","paladins:village/desert/sanctuary","5","1","minecraft:empty"
"paladins","plains","paladins:village/plains/sanctuary","5","1","minecraft:empty"
"paladins","savanna","paladins:village/savanna/sanctuary","5","1","minecraft:empty"
"paladins","snowy","paladins:village/snowy/sanctuary","5","1","minecraft:empty"
"paladins","taiga","paladins:village/taiga/sanctuary","5","1","minecraft:empty"
"rogues","desert","rogues:village/desert/barracks","5","1","minecraft:empty"
"rogues","plains","rogues:village/plains/barracks","5","1","minecraft:empty"
"rogues","savanna","rogues:village/savanna/barracks","5","1","minecraft:empty"
"rogues","snowy","rogues:village/snowy/barracks","5","1","minecraft:empty"
"rogues","taiga","rogues:village/taiga/barracks","5","1","minecraft:empty"
"wizards","desert","wizards:village/desert/wizard_tower_2","5","1","minecraft:empty"
"wizards","plains","wizards:village/plains/wizard_tower","5","1","minecraft:empty"
"wizards","savanna","wizards:village/savanna/wizard_tower","5","1","minecraft:empty"
"wizards","snowy","wizards:village/snowy/wizard_tower_2","5","1","minecraft:empty"
"wizards","taiga","wizards:village/taiga/wizard_tower","5","1","minecraft:empty"
