"table","famille"
"minecraft:chests/abandoned_mineshaft","general"
"minecraft:chests/buried_treasure","general"
"minecraft:chests/simple_dungeon","general"
"minecraft:chests/underwater_ruin_big","general"
"minecraft:chests/underwater_ruin_small","general"
"ctov:chests/village/village_library","general"
"adventuredungeons:chests/murkydungeon/murky_chest_bricks","general"
"adventuredungeons:chests/murkydungeon/murky_chest_tomb","general"
"minecraft:chests/chest_level_1","general"
"nova_structures:chests/conduit_ruin/conduit_ruin_big","general"
"nova_structures:chests/desert_ruins/desert_ruin_grave","general"
"nova_structures:chests/desert_ruins/desert_ruin_house","general"
"nova_structures:chests/desert_ruins/desert_ruin_lesser_treasure","general"
"nova_structures:chests/end_castle/castle_brewing","general"
"nova_structures:chests/end_castle/rocket_barrel","general"
"nova_structures:chests/end_lighthouse/supply_lighthouse","general"
"nova_structures:chests/illager_hideout_weaponry","general"
"nova_structures:chests/jungle_ruins/jungle_ruins_main_temple_wild","general"
"nova_structures:chests/nether_port/nether_port_supplies","general"
"nova_structures:chests/nether_skeleton_tower/skeleton_tower_camp","general"
"nova_structures:chests/nether_skeleton_tower/skeleton_tower_chest","general"
"nova_structures:chests/pillager_outpost_treasure","general"
"nova_structures:chests/shrine/combat_pot","general"
"nova_structures:chests/toxic_lair/generic","general"
"hopo:chests/copper","general"
"hopo:chests/coral","general"
"hopo:chests/food","general"
"hopo:chests/materials","general"
"hopo:chests/small_ruin_warm","general"
"repurposed_structures:chests/ancient_cities/ocean","general"
"repurposed_structures:chests/cities/overworld","general"
"repurposed_structures:chests/dungeons/badlands","general"
"repurposed_structures:chests/dungeons/deep","general"
"repurposed_structures:chests/dungeons/desert","general"
"repurposed_structures:chests/dungeons/icy","general"
"repurposed_structures:chests/dungeons/jungle","general"
"repurposed_structures:chests/dungeons/mushroom","general"
"repurposed_structures:chests/dungeons/snow","general"
"repurposed_structures:chests/dungeons/swamp","general"
"repurposed_structures:chests/mineshafts/birch","general"
"repurposed_structures:chests/mineshafts/dark_forest","general"
"repurposed_structures:chests/mineshafts/icy","general"
"repurposed_structures:chests/mineshafts/jungle","general"
"repurposed_structures:chests/mineshafts/savanna","general"
"repurposed_structures:chests/mineshafts/stone","general"
"repurposed_structures:chests/mineshafts/swamp","general"
"repurposed_structures:chests/mineshafts/taiga","general"
"repurposed_structures:chests/ruins/land_cold/large","general"
"repurposed_structures:chests/ruins/land_hot/large","general"
"repurposed_structures:chests/ruins/land_icy/large","general"
"repurposed_structures:chests/ruins/land_icy/small","general"
"repurposed_structures:chests/ruins/land_warm/large","general"
"repurposed_structures:chests/ruins/nether","general"
"repurposed_structures:chests/shipwrecks/crimson/map","general"
"repurposed_structures:chests/shipwrecks/end/map","general"
"repurposed_structures:chests/shipwrecks/warped/map","general"
"repurposed_structures:chests/temples/taiga","general"
"repurposed_structures:chests/villages/ocean_house","general"
"takesapillage:chests/bastille/graveyard","general"
"betterdeserttemples:chests/library","general"
"betterdeserttemples:chests/storage","general"
"betterdeserttemples:chests/tomb","general"
"betterdeserttemples:chests/wardrobe","general"
