"table","palier"
"ctov:chests/village/village_library","1-2"
"adventuredungeons:chests/murkydungeon/murky_chest_bricks","1-2"
"adventuredungeons:chests/murkydungeon/murky_chest_tomb","1-2"
"nova_structures:chests/conduit_ruin/conduit_ruin_big","1-2"
"nova_structures:chests/desert_ruins/desert_ruin_grave","1-2"
"nova_structures:chests/desert_ruins/desert_ruin_house","1-2"
"nova_structures:chests/desert_ruins/desert_ruin_lesser_treasure","1-2"
"nova_structures:chests/end_castle/castle_brewing","1-2"
"nova_structures:chests/end_castle/rocket_barrel","1-2"
"nova_structures:chests/end_lighthouse/supply_lighthouse","1-2"
"nova_structures:chests/illager_hideout_weaponry","1-2"
"nova_structures:chests/jungle_ruins/jungle_ruins_main_temple_wild","1-2"
"nova_structures:chests/nether_port/nether_port_supplies","1-2"
"nova_structures:chests/nether_skeleton_tower/skeleton_tower_camp","1-2"
"nova_structures:chests/nether_skeleton_tower/skeleton_tower_chest","1-2"
"nova_structures:chests/pillager_outpost_treasure","1-2"
"nova_structures:chests/shrine/combat_pot","1-2"
"nova_structures:chests/toxic_lair/generic","1-2"
"hopo:chests/copper","1-2"
"hopo:chests/coral","1-2"
"hopo:chests/food","1-2"
"hopo:chests/materials","1-2"
"hopo:chests/small_ruin_warm","1-2"
"repurposed_structures:chests/ancient_cities/ocean","1-2"
"repurposed_structures:chests/cities/overworld","1-2"
"repurposed_structures:chests/dungeons/badlands","1-2"
"repurposed_structures:chests/dungeons/deep","1-2"
"repurposed_structures:chests/dungeons/desert","1-2"
"repurposed_structures:chests/dungeons/icy","1-2"
"repurposed_structures:chests/dungeons/jungle","1-2"
"repurposed_structures:chests/dungeons/mushroom","1-2"
"repurposed_structures:chests/dungeons/snow","1-2"
"repurposed_structures:chests/dungeons/swamp","1-2"
"repurposed_structures:chests/mineshafts/birch","1-2"
"repurposed_structures:chests/mineshafts/dark_forest","1-2"
"repurposed_structures:chests/mineshafts/icy","1-2"
"repurposed_structures:chests/mineshafts/jungle","1-2"
"repurposed_structures:chests/mineshafts/savanna","1-2"
"repurposed_structures:chests/mineshafts/stone","1-2"
"repurposed_structures:chests/mineshafts/swamp","1-2"
"repurposed_structures:chests/mineshafts/taiga","1-2"
"repurposed_structures:chests/ruins/land_cold/large","1-2"
"repurposed_structures:chests/ruins/land_hot/large","1-2"
"repurposed_structures:chests/ruins/land_icy/large","1-2"
"repurposed_structures:chests/ruins/land_icy/small","1-2"
"repurposed_structures:chests/ruins/land_warm/large","1-2"
"repurposed_structures:chests/ruins/nether","1-2"
"repurposed_structures:chests/shipwrecks/crimson/map","1-2"
"repurposed_structures:chests/shipwrecks/end/map","1-2"
"repurposed_structures:chests/shipwrecks/warped/map","1-2"
"repurposed_structures:chests/temples/taiga","1-2"
"repurposed_structures:chests/villages/ocean_house","1-2"
"takesapillage:chests/bastille/graveyard","1-2"
"betterdeserttemples:chests/library","1-2"
"betterdeserttemples:chests/storage","1-2"
"betterdeserttemples:chests/tomb","1-2"
"betterdeserttemples:chests/wardrobe","1-2"
"alexscaves:chests/abyssal_ruins","1-2"
"alexscaves:chests/caveman_house","1-2"
"alexscaves:chests/forlorn_ruins","1-2"
"alexscaves:chests/gingerbread_town","1-2"
"alexscaves:chests/licowitch_tower","1-2"
"alexscaves:chests/magnetic_ruins","1-2"
"alexscaves:chests/toxic_ruins","1-2"
"alexscaves:chests/underground_cabin","1-2"
"alexscaves:chests/underground_cabin_abyssal_chasm","1-2"
"alexscaves:chests/underground_cabin_candy_cavity","1-2"
"alexscaves:chests/underground_cabin_forlorn_hollows","1-2"
"alexscaves:chests/underground_cabin_magnetic_caves","1-2"
"alexscaves:chests/underground_cabin_primordial_caves","1-2"
"alexscaves:chests/underground_cabin_toxic_caves","1-2"
"alexscaves:chests/witch_hut","1-2"
"aether:chests/dungeon/bronze/bronze_dungeon_treasure","3"
"aether:chests/dungeon/gold/gold_dungeon_treasure","3"
"aether:chests/dungeon/silver/silver_dungeon_treasure","3"
"alexscaves:chests/licowitch_tower_secret","3"
"archaion:chests/deepslate_vault","3"
"betterdeserttemples:chests/pharaoh_hidden","3"
"betterjungletemples:chests/treasure","3"
"betterstrongholds:chests/treasure","3"
"cataclysm:chests/abandoned_treasure","3"
"cataclysm:chests/acropolis_treasure","3"
"cataclysm:chests/desert_treasure","3"
"cataclysm:chests/frosted_prison_treasure","3"
"deeperdarker:chests/ancient_temple_secret","3"
"dungeons_arise:chests/aviary/aviary_treasure","3"
"dungeons_arise:chests/bandit_towers/bandit_towers_treasure","3"
"dungeons_arise:chests/ceryneian_hind/ceryneian_hind_treasure","3"
"dungeons_arise:chests/foundry/foundry_treasure","3"
"dungeons_arise:chests/heavenly_challenger/heavenly_challenger_treasure","3"
"dungeons_arise:chests/heavenly_conqueror/heavenly_conqueror_treasure","3"
"dungeons_arise:chests/heavenly_rider/heavenly_rider_treasure","3"
"dungeons_arise:chests/illager_corsair/illager_corsair_treasure","3"
"dungeons_arise:chests/illager_fort/illager_fort_treasure","3"
"dungeons_arise:chests/illager_galley/illager_galley_treasure","3"
"dungeons_arise:chests/illager_windmill/illager_windmill_treasure","3"
"dungeons_arise:chests/infested_temple/infested_temple_top_treasure","3"
"dungeons_arise:chests/infested_temple/infested_temple_vault_normal","3"
"dungeons_arise:chests/infested_temple/infested_temple_vault_ominous","3"
"dungeons_arise:chests/infested_temple/infested_temple_vault_treasure","3"
"dungeons_arise:chests/jungle_tree_house/jungle_tree_house_treasure","3"
"dungeons_arise:chests/keep_kayra/keep_kayra_garden_treasure","3"
"dungeons_arise:chests/keep_kayra/keep_kayra_library_treasure","3"
"dungeons_arise:chests/keep_kayra/keep_kayra_treasure","3"
"dungeons_arise:chests/kisegi_sanctuary/kisegi_sanctuary_treasure","3"
"dungeons_arise:chests/kisegi_sanctuary/kisegi_sanctuary_vault_normal","3"
"dungeons_arise:chests/kisegi_sanctuary/kisegi_sanctuary_vault_normal_treasure","3"
"dungeons_arise:chests/kisegi_sanctuary/kisegi_sanctuary_vault_ominous","3"
"dungeons_arise:chests/kisegi_sanctuary/kisegi_sanctuary_vault_ominous_treasure","3"
"dungeons_arise:chests/mechanical_nest/mechanical_nest_treasure","3"
"dungeons_arise:chests/mines_treasure_big","3"
"dungeons_arise:chests/mines_treasure_medium","3"
"dungeons_arise:chests/mines_treasure_small","3"
"dungeons_arise:chests/mining_complex/mining_complex_treasure","3"
"dungeons_arise:chests/mining_system/mining_system_treasure","3"
"dungeons_arise:chests/mushroom_house/mushroom_house_treasure","3"
"dungeons_arise:chests/mushroom_mines/mushroom_mines_treasure","3"
"dungeons_arise:chests/mushroom_village/mushroom_village_treasure","3"
"dungeons_arise:chests/plague_asylum/plague_asylum_treasure","3"
"dungeons_arise:chests/scorched_mines/scorched_mines_treasure","3"
"dungeons_arise:chests/shiraz_palace/shiraz_palace_elite","3"
"dungeons_arise:chests/shiraz_palace/shiraz_palace_treasure","3"
"dungeons_arise:chests/small_blimp/small_blimp_treasure","3"
"dungeons_arise:chests/thornborn_towers/thornborn_towers_top_treasure","3"
"dungeons_arise:chests/typhon/typhon_treasure","3"
"dungeons_arise:chests/undead_pirate_ship/undead_pirate_ship_treasure","3"
"farmersdelight:chests/fd_bastion_treasure","3"
"farmersdelight:chests/fd_end_city_treasure","3"
"hellish_trials:chests/nether_trial/nether_trial_treasure","3"
"hellish_trials:chests/nether_trial/nether_trial_vault_normal","3"
"hellish_trials:chests/nether_trial/nether_trial_vault_ominous","3"
"mns:chests/dragon_arena/epic","3"
"mns:chests/large_arena/treasure","3"
"mns:chests/mega_fortress/intact_gold_treasure","3"
"mns:chests/mega_fortress/intact_treasure","3"
"mns:chests/mega_fortress/ravaged_treasure","3"
"mns:chests/small_arena/gold_treasure","3"
"mns:chests/treasure","3"
"nova_structures:chests/creeping_crypt/vault_creeping","3"
"nova_structures:chests/end_castle/treasure_lighthouse","3"
"nova_structures:chests/end_castle/vault_brigattine","3"
"nova_structures:chests/end_castle/vault_galleon","3"
"nova_structures:chests/end_castle/vault_slope","3"
"nova_structures:chests/end_lighthouse/vault_lighthouse","3"
"nova_structures:chests/hamlet/hamlet_tresure","3"
"nova_structures:chests/illager_hideout_lesser_tresure","3"
"nova_structures:chests/illager_hideout_tresure","3"
"nova_structures:chests/lone_citadel/c_vault","3"
"nova_structures:chests/lone_citadel/c_vault_boss","3"
"nova_structures:chests/nether_keep/vault_keep","3"
"nova_structures:chests/nether_keep/vault_keep_generic","3"
"nova_structures:chests/piglin_donjon/vault_piglin_donjon","3"
"nova_structures:chests/piglin_outstation/outstation_treasure","3"
"nova_structures:chests/piglin_outstation/vault_piglin_outstation","3"
"nova_structures:chests/shrine/combat_treasure_1","3"
"nova_structures:chests/shrine/combat_treasure_2","3"
"nova_structures:chests/shrine/combat_treasure_3","3"
"nova_structures:chests/shrine/combat_treasure_4","3"
"nova_structures:chests/shrine/combat_treasure_5","3"
"nova_structures:chests/shrine/shrine_lesser_treasure","3"
"nova_structures:chests/shrine/vault_shrine_ominous","3"
"nova_structures:chests/stray_fort_tresure","3"
"nova_structures:chests/toxic_lair/toxic_boss_vault","3"
"nova_structures:chests/toxic_lair/toxic_ominous_vault","3"
"nova_structures:chests/toxic_lair/toxic_vault","3"
"nova_structures:chests/trident_trial_monument/ttm_boss_vault_heart","3"
"nova_structures:chests/trident_trial_monument/ttm_boss_vault_trident","3"
"nova_structures:chests/trident_trial_monument/ttm_common_vault","3"
"repurposed_structures:chests/bastions/underground/treasure","3"
"repurposed_structures:chests/shipwrecks/crimson/treasure","3"
"repurposed_structures:chests/shipwrecks/end/treasure","3"
"repurposed_structures:chests/shipwrecks/nether_bricks/treasure","3"
"repurposed_structures:chests/shipwrecks/warped/treasure","3"
