"family","structure","weight","source_set","attendu_60k"
"end_grand","mes:mega_ship","1","mes:mega_ship","1164"
"end_grand","mes:mega_ship_basic","1","mes:mega_ship_basic","1164"
"end_grand","mes:mega_ship_crashed","1","mes:mega_ship_crashed","1164"
"end_grand","mes:mega_ship_crashed_2","1","mes:mega_ship_crashed_2","1164"
"end_grand","mes:mega_ship_crashed_deepslate","1","mes:mega_ship_crashed_deepslate","1164"
"end_grand","mes:mega_ship_deepslate","1","mes:mega_ship_deepslate","1164"
"end_grand","mes:mega_ship_deepslate_2","1","mes:mega_ship_deepslate_2","1164"
"end_grand","mes:mega_ship_deepslate_3","1","mes:mega_ship_deepslate_3","1164"
"end_moyen","mes:astral_hideaway","2","mes:astral_hideaway","3169"
"end_moyen","mes:ender_spire","1","mes:ender_spire","1585"
"end_moyen","mes:enderbloom_grove","2","mes:enderbloom_grove","3169"
"end_moyen","mes:enderkeep_courtyard","1","mes:enderkeep_courtyard","1585"
"end_moyen","mes:enderskog","1","mes:enderskog","1585"
"end_moyen","mes:enderwatch_tower","2","mes:enderwatch_tower","3169"
"end_moyen","mes:endscraps","2","mes:endscraps","3169"
"end_moyen","mes:manuscript_shrine","2","mes:manuscript_shrine","3169"
"end_moyen","mes:monolith","2","mes:monolith","3169"
"end_moyen","mes:mystical_archway","1","mes:mystical_archway","1585"
"end_moyen","mes:mythic_garden","2","mes:mythic_garden","3169"
"end_petit","explorify:end_shipwreck","1","explorify:end_shipwrecks","3043"
"end_petit","mes:astral_meteorite","2","mes:astral_meteorite","9736"
"end_petit","mes:enderpin_spikes","1","mes:enderpin_spikes","4868"
"end_petit","mes:phantom_citadel","1","mes:phantom_citadel","4868"
"end_petit","mes:placid_prairie","1","mes:placid_prairie","4868"
"end_petit","mes:ruined_pillar","8","mes:ruined_pillar","38945"
"end_petit","mes:starlight_voyager","1","mes:starlight_voyager","4868"
"nether_grand","create_structures_arise:create_bastion","7","create_structures_arise:create_bastion","870"
"nether_grand","create_structures_arise:darkcastle","7","create_structures_arise:darkcastle","870"
"nether_grand","mns:bridge_1","8","mns:bridge_1","994"
"nether_grand","mns:bridge_2","8","mns:bridge_2","994"
"nether_grand","mns:bridge_3","8","mns:bridge_3","994"
"nether_grand","mns:bridge_4","8","mns:bridge_4","994"
"nether_grand","mns:bridge_5","8","mns:bridge_5","994"
"nether_grand","mns:bridge_6","8","mns:bridge_6","994"
"nether_grand","mns:copper_tower","13","mns:copper_tower","1616"
"nether_grand","mns:dragon_arena","1","mns:mega_arenas","124"
"nether_grand","mns:large_arena","3","mns:mega_arenas","373"
"nether_grand","mns:mega_fortress","5","mns:mega_fortress","621"
"nether_grand","mns:nether_tower","5","mns:nether_tower","621"
"nether_grand","mns:nether_wart_farm","9","mns:nether_wart_farm","1119"
"nether_grand","mns:small_arena","5","mns:mega_arenas","621"
"nether_grand","mns:train","16","mns:train","1989"
"nether_grand","mvs:crimson_enchanting_table","11","mvs:crimson_enchanting_table","105"
"nether_moyen","create_structures_arise:deadlordshouse","2","create_structures_arise:deadlordshouse","3494"
"nether_moyen","create_structures_arise:obsidiantemple","1","create_structures_arise:obsidiantemple","1747"
"nether_moyen","explorify:black_spiral","3","explorify:black_spirals","3628"
"nether_moyen","farmers_structures:cooks_nether_2","3","farmers_structures:cooks_nether_2_with_all","403"
"nether_moyen","mns:giant_skull","1","mns:giant_skull","269"
"nether_moyen","mns:grave_yard","3","mns:grave_yard","403"
"nether_moyen","mns:large_house_1","2","mns:large_house_1","269"
"nether_moyen","mns:lava_pool","2","mns:lava_pool","3494"
"nether_moyen","mns:medium_house","2","mns:medium_house","3494"
"nether_moyen","mns:medium_house_2","2","mns:medium_house_2","3494"
"nether_moyen","mns:sandy_skull","3","mns:sandy_skull","5240"
"nether_moyen","mns:sword","2","mns:sword","269"
"nether_moyen","mns:warped_dome","2","mns:warped_dome","269"
"nether_moyen","mns:warped_house","2","mns:warped_house","269"
"nether_moyen","mns:warped_pool","4","mns:warped_pool","537"
"nether_moyen","mvs:nether_devil","1","mvs:nether_devil","1747"
"nether_moyen","mvs:nether_well","2","mvs:nether_well","3494"
"nether_petit","farmers_structures:cooks_nether_1","2","farmers_structures:cooks_nether_1_with_all","658"
"nether_petit","mns:circle_blackstone","4","mns:circle_blackstone","658"
"nether_petit","mns:circle_nether_brick","4","mns:circle_nether_brick","8554"
"nether_petit","mns:crimson_forge","4","mns:crimson_forge","658"
"nether_petit","mns:crimson_lava_well","4","mns:crimson_lava_well","658"
"nether_petit","mns:large_blackstone_pillars","3","mns:large_blackstone_pillars","6416"
"nether_petit","mns:large_blackstone_walls","3","mns:large_blackstone_walls","6416"
"nether_petit","mns:large_nether_brick","2","mns:large_nether_brick","4277"
"nether_petit","mns:leafy_rubble","4","mns:leafy_rubble","8554"
"nether_petit","mns:medium_blackstone","4","mns:medium_blackstone","8554"
"nether_petit","mns:medium_crimson_fungus","2","mns:medium_crimson_fungus","329"
"nether_petit","mns:medium_crimson_fungus_2","2","mns:medium_crimson_fungus","329"
"nether_petit","mns:medium_crimson_well","4","mns:medium_crimson_well","658"
"nether_petit","mns:medium_warped_fungus","1","mns:medium_warped_fungus","165"
"nether_petit","mns:medium_warped_fungus_2","1","mns:medium_warped_fungus","165"
"nether_petit","mns:medium_warped_well","4","mns:medium_warped_well","658"
"nether_petit","mns:ruined_portal","2","mns:ruined_portal","4277"
"nether_petit","mns:shrine","2","mns:shrine","4277"
"nether_petit","mns:small_nether_brick","4","mns:small_nether_brick","8554"
"nether_petit","mns:smoking_shrine","2","mns:shrine","4277"
"nether_petit","mns:soul_fire","3","mns:soul_fire","6416"
"nether_petit","mns:very_small_blackstone","1","mns:very_small_blackstone","2139"
"nether_petit","mns:very_small_blackstone_2","1","mns:very_small_blackstone","2139"
"nether_petit","mns:very_small_blackstone_3","1","mns:very_small_blackstone","2139"
"nether_petit","mns:very_small_blackstone_4","1","mns:very_small_blackstone","2139"
"nether_petit","mns:very_small_nether_brick","1","mns:very_small_nether_brick","2139"
"nether_petit","mns:very_small_nether_brick_2","1","mns:very_small_nether_brick","2139"
"nether_petit","mns:very_small_nether_brick_3","1","mns:very_small_nether_brick","2139"
"ocean_grand","create_structures_arise:pillager_boat","1","create_structures_arise:pillager_boat","958"
"ocean_grand","philipsruins:ocean_fortress","5","philipsruins:ocean_fortress_main","4312"
"ocean_moyen","mvs:ocean_tower","2","mvs:ocean_tower","18859"
"ocean_moyen","mvs:small_ship","2","mvs:small_ship","18859"
"ocean_moyen","philipsruins:ocean_ruins","1","philipsruins:ocean_ruins","8487"
"overworld_surface_grand","born_in_chaos_v1:clown_caravan_plains","119424","born_in_chaos_v1:clown_caravan_plains","13"
"overworld_surface_grand","born_in_chaos_v1:clown_caravan_savanna","14928","born_in_chaos_v1:clown_caravan_savanna","13"
"overworld_surface_grand","born_in_chaos_v1:clown_caravan_taiga","8531","born_in_chaos_v1:clown_caravan_taiga","13"
"overworld_surface_grand","born_in_chaos_v1:dark_tower_forest","6635","born_in_chaos_v1:dark_tower_forest","13"
"overworld_surface_grand","born_in_chaos_v1:dark_tower_plain","29856","born_in_chaos_v1:dark_tower_plain","13"
"overworld_surface_grand","born_in_chaos_v1:dark_tower_taiga","8531","born_in_chaos_v1:dark_tower_taiga","13"
"overworld_surface_grand","born_in_chaos_v1:farm","29856","born_in_chaos_v1:farm","13"
"overworld_surface_grand","born_in_chaos_v1:firewell","964","born_in_chaos_v1:firewell","13"
"overworld_surface_grand","born_in_chaos_v1:grave_2_dling","59712","born_in_chaos_v1:grave_2_dling","13"
"overworld_surface_grand","born_in_chaos_v1:grave_2003wise","119424","born_in_chaos_v1:grave_2003wise","13"
"overworld_surface_grand","born_in_chaos_v1:grave_darktitan","39808","born_in_chaos_v1:grave_darktitan","13"
"overworld_surface_grand","born_in_chaos_v1:grave_derivas","119424","born_in_chaos_v1:grave_derivas","13"
"overworld_surface_grand","born_in_chaos_v1:grave_euthymia","119424","born_in_chaos_v1:grave_euthymia","13"
"overworld_surface_grand","born_in_chaos_v1:grave_feral","119424","born_in_chaos_v1:grave_feral","13"
"overworld_surface_grand","born_in_chaos_v1:grave_fubuki_banzai","119424","born_in_chaos_v1:grave_fubuki_banzai","13"
"overworld_surface_grand","born_in_chaos_v1:grave_memesus","59712","born_in_chaos_v1:grave_memesus","13"
"overworld_surface_grand","born_in_chaos_v1:grave_mike_and_rory","119424","born_in_chaos_v1:grave_mike_and_rory","13"
"overworld_surface_grand","born_in_chaos_v1:grave_nino_4416","119424","born_in_chaos_v1:grave_nino_4416","13"
"overworld_surface_grand","born_in_chaos_v1:grave_orion","59712","born_in_chaos_v1:grave_orion","13"
"overworld_surface_grand","born_in_chaos_v1:grave_petasi","59712","born_in_chaos_v1:grave_petasi","13"
"overworld_surface_grand","born_in_chaos_v1:grave_plug","119424","born_in_chaos_v1:grave_plug","13"
"overworld_surface_grand","born_in_chaos_v1:grave_rotborne","119424","born_in_chaos_v1:grave_rotborne","13"
"overworld_surface_grand","born_in_chaos_v1:grave_somfunambulist","119424","born_in_chaos_v1:grave_somfunambulist","13"
"overworld_surface_grand","born_in_chaos_v1:grave_tem_187","59712","born_in_chaos_v1:grave_tem_187","13"
"overworld_surface_grand","born_in_chaos_v1:grave_the_gentleman_frog","119424","born_in_chaos_v1:grave_the_gentleman_frog","13"
"overworld_surface_grand","born_in_chaos_v1:gravecarrionexe","119424","born_in_chaos_v1:gravecarrionexe","13"
"overworld_surface_grand","born_in_chaos_v1:observation_tower_forest","6635","born_in_chaos_v1:observation_tower_forest","13"
"overworld_surface_grand","born_in_chaos_v1:observation_tower_plains","119424","born_in_chaos_v1:observation_tower_plains","13"
"overworld_surface_grand","create_structures_arise:chocolate_pit","964","create_structures_arise:chocolate_pit","13"
"overworld_surface_grand","create_structures_arise:create_copper_statue","964","create_structures_arise:create_copper_statue","13"
"overworld_surface_grand","create_structures_arise:create_ruined_castle","964","create_structures_arise:create_ruined_castle","13"
"overworld_surface_grand","create_structures_arise:createairdrop","836","create_structures_arise:createairdrop","13"
"overworld_surface_grand","create_structures_arise:createcontainer","964","create_structures_arise:createcontainer","13"
"overworld_surface_grand","create_structures_arise:createcushercrane","964","create_structures_arise:createcushercrane","13"
"overworld_surface_grand","create_structures_arise:createdesertwell","59712","create_structures_arise:createdesertwell","13"
"overworld_surface_grand","create_structures_arise:createfluidtank","964","create_structures_arise:createfluidtank","13"
"overworld_surface_grand","create_structures_arise:createhouse","964","create_structures_arise:createhouse","13"
"overworld_surface_grand","create_structures_arise:createlittleman","964","create_structures_arise:createlittleman","13"
"overworld_surface_grand","create_structures_arise:createlosttrainstation","964","create_structures_arise:createlosttrainstation","13"
"overworld_surface_grand","create_structures_arise:createminiskyvillage","964","create_structures_arise:createminiskyvillage","13"
"overworld_surface_grand","create_structures_arise:createmonsterroom","836","create_structures_arise:createmonsterroom","13"
"overworld_surface_grand","create_structures_arise:createoldruine","964","create_structures_arise:createoldruine","13"
"overworld_surface_grand","create_structures_arise:createpickaxestatue","964","create_structures_arise:createpickaxestatue","13"
"overworld_surface_grand","create_structures_arise:createwitchhut","119424","create_structures_arise:createwitchhut","13"
"overworld_surface_grand","create_structures_arise:crimsite_tower","964","create_structures_arise:crimsite_tower","13"
"overworld_surface_grand","create_structures_arise:honey_pit","964","create_structures_arise:honey_pit","13"
"overworld_surface_grand","create_structures_arise:minetrain","964","create_structures_arise:minetrain","13"
"overworld_surface_grand","create_structures_arise:pillagersteampunkairship","836","create_structures_arise:pillagersteampunkairship","13"
"overworld_surface_grand","create_structures_arise:towerofochrum","964","create_structures_arise:towerofochrum","13"
"overworld_surface_grand","create_structures_arise:windmill","964","create_structures_arise:windmill","13"
"overworld_surface_grand","farmers_structures:aquacultures_beach","39808","farmers_structures:aquacultures_beach_with_all","13"
"overworld_surface_grand","farmers_structures:aquacultures_cod","5687","farmers_structures:aquacultures_cod_with_all","13"
"overworld_surface_grand","farmers_structures:cacaos","14928","farmers_structures:cacaos_with_all","13"
"overworld_surface_grand","farmers_structures:shepherd_farms","11943","farmers_structures:shepherd_farms_with_all","13"
"overworld_surface_grand","mvs:cartographer_tower","836","mvs:cartographer_tower","13"
"overworld_surface_grand","mvs:cathedral","836","mvs:cathedral","13"
"overworld_surface_grand","mvs:crystal","836","mvs:crystal","13"
"overworld_surface_grand","mvs:duck","836","mvs:duck","13"
"overworld_surface_grand","mvs:floating_islands","836","mvs:floating_islands","13"
"overworld_surface_grand","mvs:jungle_tower","14928","mvs:jungle_tower","13"
"overworld_surface_grand","mvs:large_floating_island","836","mvs:large_floating_island","13"
"overworld_surface_grand","mvs:large_mushroom","39808","mvs:large_mushroom","13"
"overworld_surface_grand","mvs:mushroom_statue","39808","mvs:mushroom_statue","13"
"overworld_surface_grand","mvs:mushroom_well","39808","mvs:mushroom_well","13"
"overworld_surface_grand","mvs:rare_well","836","mvs:rare_well","13"
"overworld_surface_grand","mvs:red_tower","8531","mvs:red_tower","13"
"overworld_surface_grand","mvs:ruined_beacon","836","mvs:ruined_beacon","13"
"overworld_surface_grand","mvs:small_swamp_house","29856","mvs:small_swamp_house","13"
"overworld_surface_grand","mvs:tree_monument","836","mvs:tree_monument","13"
"overworld_surface_grand","philipsruins:ancient_crypt","19904","philipsruins:ancient_crypt","13"
"overworld_surface_grand","philipsruins:field_stone_ruins","14928","philipsruins:field_stone_ruins","13"
"overworld_surface_grand","philipsruins:level_one_ruins","14928","philipsruins:level_one_ruins","13"
"overworld_surface_grand","philipsruins:level_three_ruins","14928","philipsruins:level_three_ruins","13"
"overworld_surface_grand","philipsruins:level_two_ruins","14928","philipsruins:level_two_ruins","13"
"overworld_surface_grand","philipsruins:level_two_ruins_pool","14928","philipsruins:level_two_ruins","13"
"overworld_surface_grand","philipsruins:rare_ruin","59712","philipsruins:rare_ruin","13"
"overworld_surface_moyen","born_in_chaos_v1:grave_d_4rk_devil_x","6","born_in_chaos_v1:grave_d_4rk_devil_x","18"
"overworld_surface_moyen","born_in_chaos_v1:infernal_pumpkin","7","born_in_chaos_v1:infernal_pumpkin","209"
"overworld_surface_moyen","born_in_chaos_v1:mound_of_hounds","6","born_in_chaos_v1:mound_of_hounds","18"
"overworld_surface_moyen","explorify:farmstead","5","explorify:farmsteads","194"
"overworld_surface_moyen","explorify:mausoleum","3","explorify:mausoleums","179"
"overworld_surface_moyen","explorify:ruins","3","explorify:ruins","63"
"overworld_surface_moyen","explorify:tavern","6","explorify:taverns","269"
"overworld_surface_moyen","explorify:watchtower/plains","1","explorify:watchtowers","39"
"overworld_surface_moyen","explorify:watchtower/savanna","1","explorify:watchtowers","42"
"overworld_surface_moyen","explorify:watchtower/taiga","1","explorify:watchtowers","90"
"overworld_surface_moyen","farmers_structures:aquacultures_common","4","farmers_structures:aquacultures_common_with_all","335"
"overworld_surface_moyen","farmers_structures:cooks","6","farmers_structures:cooks_with_all","179"
"overworld_surface_moyen","farmers_structures:fishs_stew","7","farmers_structures:fishs_stew_with_all","544"
"overworld_surface_moyen","farmers_structures:sushis","3","farmers_structures:sushus_with_all","27"
"overworld_surface_moyen","mvs:azelea_house","8","mvs:azelea_house","3418"
"overworld_surface_moyen","mvs:beach_bar","4","mvs:beach_bar","36"
"overworld_surface_moyen","mvs:bee_dome","8","mvs:bee_dome","72"
"overworld_surface_moyen","mvs:big_oak_tree","6","mvs:big_oak_tree","125"
"overworld_surface_moyen","mvs:boulder","8","mvs:boulder","335"
"overworld_surface_moyen","mvs:campsite","7","mvs:campsite","2991"
"overworld_surface_moyen","mvs:cart","8","mvs:cart","3418"
"overworld_surface_moyen","mvs:castle_ruins","5","mvs:castle_ruins","2136"
"overworld_surface_moyen","mvs:deepslate_house","5","mvs:deepslate_house","2136"
"overworld_surface_moyen","mvs:desert_house","4","mvs:desert_house","84"
"overworld_surface_moyen","mvs:diorite_and_deepslate_house","5","mvs:diorite_and_deepslate_house","2136"
"overworld_surface_moyen","mvs:diorite_tower","4","mvs:diorite_tower","1709"
"overworld_surface_moyen","mvs:flower_hole","4","mvs:flower_hole","155"
"overworld_surface_moyen","mvs:fox_hut","4","mvs:fox_hut","167"
"overworld_surface_moyen","mvs:gallows","7","mvs:gallows","2991"
"overworld_surface_moyen","mvs:horse_pen","6","mvs:horse_pen","2563"
"overworld_surface_moyen","mvs:house","6","mvs:house","2563"
"overworld_surface_moyen","mvs:lamp_chest","5","mvs:lamp_chest","2136"
"overworld_surface_moyen","mvs:large_cart_1","3","mvs:large_cart_1","1282"
"overworld_surface_moyen","mvs:large_cart_2","3","mvs:large_cart_2","1282"
"overworld_surface_moyen","mvs:large_warped_tower","4","mvs:large_warped_tower","1709"
"overworld_surface_moyen","mvs:lecturn_garden","7","mvs:lecturn_garden","293"
"overworld_surface_moyen","mvs:lil_house","8","mvs:lil_house","3418"
"overworld_surface_moyen","mvs:log_ruin","3","mvs:log_ruin","1282"
"overworld_surface_moyen","mvs:mine_with_campsite","4","mvs:mine_with_campsite","1709"
"overworld_surface_moyen","mvs:mud_brick_house_1","4","mvs:mud_brick_house_1","48"
"overworld_surface_moyen","mvs:mushroom_pond","4","mvs:mushroom_pond","1709"
"overworld_surface_moyen","mvs:out_house","4","mvs:out_house","48"
"overworld_surface_moyen","mvs:paths","8","mvs:paths","3418"
"overworld_surface_moyen","mvs:prismarine_house_1","5","mvs:prismarine_house_1","45"
"overworld_surface_moyen","mvs:prismarine_house_2","5","mvs:prismarine_house_2","45"
"overworld_surface_moyen","mvs:railway","4","mvs:railway","1709"
"overworld_surface_moyen","mvs:shed","6","mvs:shed","2563"
"overworld_surface_moyen","mvs:small_oak_pond","8","mvs:small_oak_pond","3418"
"overworld_surface_moyen","mvs:small_pillager_tower","8","mvs:small_pillager_tower","335"
"overworld_surface_moyen","mvs:small_ruin","6","mvs:small_ruin","2563"
"overworld_surface_moyen","mvs:statue_ruins","6","mvs:statue_ruins","2563"
"overworld_surface_moyen","mvs:stone_fountain","7","mvs:stone_fountain","2991"
"overworld_surface_moyen","mvs:stone_pillars","5","mvs:stone_pillars","2136"
"overworld_surface_moyen","mvs:sunzi_gate","3","mvs:sunzi_gate","1282"
"overworld_surface_moyen","mvs:tall_house","5","mvs:tall_house","2136"
"overworld_surface_moyen","mvs:villager_statue","3","mvs:villager_statue","1282"
"overworld_surface_moyen","mvs:warped_house","4","mvs:warped_house","1709"
"overworld_surface_moyen","philipsruins:ancient_ruins","3","philipsruins:ancient_ruins","484"
"overworld_surface_moyen","philipsruins:ancient_towers","4","philipsruins:ancient_towers","645"
"overworld_surface_moyen","philipsruins:field_stone_ruins_rocks","6","philipsruins:field_stone_ruins_rocks","842"
"overworld_surface_moyen","philipsruins:pumpkin_ruins","4","philipsruins:pumpkin_ruins","394"
"overworld_surface_petit","explorify:badlands_pyramid","25","explorify:badlands_pyramids","17"
"overworld_surface_petit","explorify:campsite","7","explorify:campsites","139"
"overworld_surface_petit","explorify:dark_forest_settlement","25","explorify:dark_forest_settlements","17"
"overworld_surface_petit","explorify:desert_shrine","17","explorify:desert_shrines","68"
"overworld_surface_petit","explorify:guide_post_cold","5","explorify:guide_posts","17"
"overworld_surface_petit","explorify:guide_post_warm","25","explorify:guide_posts","17"
"overworld_surface_petit","explorify:mangrove_hut","25","explorify:mangrove_huts","17"
"overworld_surface_petit","explorify:supply_cache/birch","13","explorify:supply_caches","17"
"overworld_surface_petit","explorify:supply_cache/dark","25","explorify:supply_caches","17"
"overworld_surface_petit","explorify:supply_cache/desert","3","explorify:supply_caches","24"
"overworld_surface_petit","explorify:supply_cache/forest","13","explorify:supply_caches","17"
"overworld_surface_petit","explorify:supply_cache/jungle","25","explorify:supply_caches","17"
"overworld_surface_petit","explorify:supply_cache/mangrove","25","explorify:supply_caches","17"
"overworld_surface_petit","explorify:supply_cache/taiga","7","explorify:supply_caches","19"
"overworld_surface_petit","farmers_structures:cooks_moss","37","farmers_structures:cooks_moss_with_all","25"
"overworld_surface_petit","mvs:acacia_log_pile","14","mvs:acacia_log_pile","74"
"overworld_surface_petit","mvs:acacia_tree","29","mvs:acacia_tree","154"
"overworld_surface_petit","mvs:acacia_well","4","mvs:other_wells","21"
"overworld_surface_petit","mvs:barn","10","mvs:barn","948"
"overworld_surface_petit","mvs:bench","29","mvs:bench","2748"
"overworld_surface_petit","mvs:birch_log_pile","14","mvs:birch_log_pile","28"
"overworld_surface_petit","mvs:birch_tree","29","mvs:birch_tree","58"
"overworld_surface_petit","mvs:birch_well","9","mvs:other_wells","18"
"overworld_surface_petit","mvs:blue_stall","2","mvs:stalls","190"
"overworld_surface_petit","mvs:cherry_tree","29","mvs:cherry_tree","19"
"overworld_surface_petit","mvs:dark_oak_log_pile","25","mvs:dark_oak_log_pile","17"
"overworld_surface_petit","mvs:dark_oak_tree","29","mvs:dark_oak_tree","19"
"overworld_surface_petit","mvs:dark_oak_well","25","mvs:other_wells","17"
"overworld_surface_petit","mvs:dead_tree_acacia","12","mvs:dead_tree_acacia","64"
"overworld_surface_petit","mvs:dead_tree_birch","12","mvs:dead_tree_birch","24"
"overworld_surface_petit","mvs:dead_tree_cherry","25","mvs:dead_tree_cherry","17"
"overworld_surface_petit","mvs:dead_tree_dark_oak","25","mvs:dead_tree_dark_oak","17"
"overworld_surface_petit","mvs:dead_tree_jungle","12","mvs:dead_tree_jungle","64"
"overworld_surface_petit","mvs:dead_tree_mangrove","25","mvs:dead_tree_mangrove","17"
"overworld_surface_petit","mvs:dead_tree_oak","12","mvs:dead_tree_oak","1137"
"overworld_surface_petit","mvs:dead_tree_spruce","12","mvs:dead_tree_spruce","111"
"overworld_surface_petit","mvs:desert_pump","9","mvs:desert_pump","42"
"overworld_surface_petit","mvs:desert_well","4","mvs:other_wells","19"
"overworld_surface_petit","mvs:fire_camp","9","mvs:fire_camp","853"
"overworld_surface_petit","mvs:haystack","37","mvs:haystack","3506"
"overworld_surface_petit","mvs:horse_campsite","26","mvs:horse_campsite","2464"
"overworld_surface_petit","mvs:jungle_log_pile","14","mvs:jungle_log_pile","74"
"overworld_surface_petit","mvs:jungle_palm_tree","29","mvs:jungle_palm_tree","154"
"overworld_surface_petit","mvs:jungle_tree","29","mvs:jungle_tree","154"
"overworld_surface_petit","mvs:jungle_well","4","mvs:other_wells","21"
"overworld_surface_petit","mvs:medium_bamboo_cart","66","mvs:medium_bamboo_cart","350"
"overworld_surface_petit","mvs:medium_igloo_1","13","mvs:medium_igloo_1","224"
"overworld_surface_petit","mvs:medium_igloo_2","10","mvs:medium_igloo_2","172"
"overworld_surface_petit","mvs:medium_oak_lantern","12","mvs:medium_oak_lantern","56"
"overworld_surface_petit","mvs:oak_log_pile","14","mvs:oak_log_pile","167"
"overworld_surface_petit","mvs:oak_tree","29","mvs:oak_tree","135"
"overworld_surface_petit","mvs:oak_well","2","mvs:other_wells","24"
"overworld_surface_petit","mvs:orange_stall","2","mvs:stalls","190"
"overworld_surface_petit","mvs:pile","57","mvs:pile","5402"
"overworld_surface_petit","mvs:pink_stall","2","mvs:stalls","190"
"overworld_surface_petit","mvs:rare_well","1","mvs:other_wells","95"
"overworld_surface_petit","mvs:red_stall","2","mvs:stalls","190"
"overworld_surface_petit","mvs:rocky_well","2","mvs:other_wells","28"
"overworld_surface_petit","mvs:small_acacia_lantern","17","mvs:small_acacia_lantern","90"
"overworld_surface_petit","mvs:small_bamboo_lantern","17","mvs:small_bamboo_lantern","90"
"overworld_surface_petit","mvs:small_birch_lantern","17","mvs:small_birch_lantern","34"
"overworld_surface_petit","mvs:small_campfire_lantern","17","mvs:small_campfire_lantern","79"
"overworld_surface_petit","mvs:small_cherry_lantern","25","mvs:small_cherry_lantern","17"
"overworld_surface_petit","mvs:small_copper_well","1","mvs:other_wells","95"
"overworld_surface_petit","mvs:small_dark_oak_lantern","25","mvs:small_dark_oak_lantern","17"
"overworld_surface_petit","mvs:small_igloo","10","mvs:small_igloo","172"
"overworld_surface_petit","mvs:small_jungle_lantern","17","mvs:small_jungle_lantern","90"
"overworld_surface_petit","mvs:small_mangrove_lantern","25","mvs:small_mangrove_lantern","17"
"overworld_surface_petit","mvs:small_oak_lantern","17","mvs:small_oak_lantern","1611"
"overworld_surface_petit","mvs:small_spruce_lantern","17","mvs:small_spruce_lantern","158"
"overworld_surface_petit","mvs:small_tower_well","1","mvs:other_wells","95"
"overworld_surface_petit","mvs:small_tower_well","1","mvs:small_tower_well","95"
"overworld_surface_petit","mvs:small_well","1","mvs:other_wells","95"
"overworld_surface_petit","mvs:snowy_dog_hut","12","mvs:snowy_dog_hut","207"
"overworld_surface_petit","mvs:snowy_fossil","14","mvs:snowy_fossil","241"
"overworld_surface_petit","mvs:snowy_well","1","mvs:other_wells","17"
"overworld_surface_petit","mvs:spruce_log_pile","14","mvs:spruce_log_pile","130"
"overworld_surface_petit","mvs:spruce_tree","29","mvs:spruce_tree","269"
"overworld_surface_petit","mvs:spruce_well","2","mvs:other_wells","19"
"overworld_surface_petit","mvs:stone_rock","29","mvs:stone_rock","269"
"overworld_surface_petit","mvs:well","1","mvs:other_wells","95"
"overworld_surface_petit","mvs:wheat_grain_bin","14","mvs:wheat_grain_bin","1327"
"overworld_surface_petit","mvs:windmill","14","mvs:windmill","1327"
"overworld_surface_petit","mvs:wooden_wheat_farm","14","mvs:wooden_wheat_farm","1327"
"overworld_underground_grand","create_structures_arise:create_dungeon_base","1","create_structures_arise:create_dungeon_base","219"
"overworld_underground_grand","philipsruins:lost_soul_city","6","philipsruins:lost_soul_city","606"
"overworld_underground_moyen","farmers_structures:ratatouilles","4","farmers_structures:ratatouilles_with_all","93"
"overworld_underground_moyen","farmers_structures:squids","5","farmers_structures:squids_with_all","521"
"overworld_underground_moyen","philipsruins:lost_soul_dungeon","3","philipsruins:underground_structures","17"
"overworld_underground_moyen","philipsruins:underground_structures","3","philipsruins:underground_structures","17"
"overworld_underground_petit","philipsruins:ancient_dungeon","1","philipsruins:ancient_dungeon","83941"
